{
  "rul_mae": 5.634,
  "failure_accuracy": 0.836,
  "failure_classification_report": {
    "0": {
      "precision": 0.6190476190476191,
      "recall": 0.5098039215686274,
      "f1-score": 0.5591397849462365,
      "support": 102.0
    },
    "1": {
      "precision": 0.8798076923076923,
      "recall": 0.9195979899497487,
      "f1-score": 0.8992628992628993,
      "support": 398.0
    },
    "accuracy": 0.836,
    "macro avg": {
      "precision": 0.7494276556776557,
      "recall": 0.7147009557591881,
      "f1-score": 0.7292013421045679,
      "support": 500.0
    },
    "weighted avg": {
      "precision": 0.8266126373626375,
      "recall": 0.836,
      "f1-score": 0.8298777839422999,
      "support": 500.0
    }
  }
}